Model,Accuracy,Precision,Recall,F1,ROC-AUC
Logistic Regression,0.798810703666997,0.6322314049586777,0.5730337078651685,0.6011787819253438,0.8487840334352947
Random Forest,0.7958374628344896,0.6405529953917051,0.5205992509363296,0.5743801652892562,0.8400844968048699
